<application>
  <component name="VimSettings">
    <state version="4" enabled="true" />
    <globalmarks />
    <filemarks>
      <file name="/Dummy.txt" timestamp="1555456621644">
        <mark key="[" line="0" column="0" />
      </file>
      <file name="/Python Console" timestamp="1555956553525">
        <mark key="[" line="0" column="0" />
      </file>
      <file name="/fragment.py" timestamp="1555950640994">
        <mark key="[" line="0" column="13" />
        <mark key="]" line="0" column="13" />
        <mark key="." line="0" column="13" />
      </file>
      <file name="$USER_HOME$/git/djangotut/src/products/templates/products/product_create.html" timestamp="1555957151331">
        <mark key="'" line="6" column="26" />
        <mark key="j" line="31" column="4" />
        <mark key="[" line="42" column="14" />
        <mark key="]" line="42" column="14" />
        <mark key="." line="42" column="14" />
        <mark key="^" line="19" column="15" />
      </file>
      <file name="$USER_HOME$/git/djangotut/src/products/def_me.py" timestamp="1555856656319">
        <mark key="'" line="2" column="4" />
        <mark key="[" line="56" column="42" />
        <mark key="]" line="57" column="34" />
        <mark key="^" line="57" column="34" />
        <mark key="." line="57" column="34" />
      </file>
      <file name="$USER_HOME$/git/djangotut/src/products/views.py" timestamp="1555956521521">
        <mark key="'" line="122" column="28" />
        <mark key="[" line="164" column="22" />
        <mark key="]" line="165" column="61" />
        <mark key="^" line="165" column="61" />
        <mark key="." line="165" column="61" />
      </file>
      <file name="/manage.py@src" timestamp="1555782423976">
        <mark key="[" line="0" column="0" />
      </file>
      <file name="/usr/local/lib/python3.7/site-packages/django/urls/base.py" timestamp="1555803515411">
        <mark key="[" line="52" column="18" />
        <mark key="]" line="52" column="17" />
        <mark key="^" line="52" column="17" />
        <mark key="." line="52" column="17" />
      </file>
      <file name="$USER_HOME$/git/djangotut/src/products/models.py" timestamp="1555802496943">
        <mark key="'" line="14" column="3" />
        <mark key="[" line="14" column="0" />
        <mark key="]" line="14" column="0" />
        <mark key="." line="14" column="0" />
        <mark key="^" line="7" column="18" />
      </file>
      <file name="$USER_HOME$/git/djangotut/src/users/admin.py" timestamp="1555745576863">
        <mark key="[" line="5" column="0" />
        <mark key="]" line="5" column="0" />
        <mark key="." line="5" column="0" />
      </file>
      <file name="$USER_HOME$/git/djangotut/src/products/templates/products/product_update.html" timestamp="1555957125280">
        <mark key="'" line="28" column="69" />
        <mark key="[" line="23" column="72" />
        <mark key="]" line="23" column="72" />
        <mark key="." line="23" column="72" />
        <mark key="^" line="23" column="72" />
      </file>
      <file name="$APPLICATION_CONFIG_DIR$/scratches/scratch.py" timestamp="1555785607238">
        <mark key="[" line="0" column="0" />
        <mark key="]" line="0" column="0" />
        <mark key="." line="0" column="0" />
      </file>
      <file name="$USER_HOME$/git/djangotut/src/manage.py" timestamp="1555745440741">
        <mark key="[" line="21" column="0" />
      </file>
      <file name="$USER_HOME$/git/djangotut/src/products/templates/products/product_detail.html" timestamp="1555958891781">
        <mark key="'" line="0" column="0" />
        <mark key="[" line="14" column="12" />
        <mark key="]" line="14" column="12" />
        <mark key="." line="14" column="12" />
        <mark key="^" line="14" column="50" />
      </file>
      <file name="$USER_HOME$/git/djangotut/src/products/urls.py" timestamp="1555860143418">
        <mark key="'" line="17" column="0" />
        <mark key="[" line="18" column="0" />
        <mark key="]" line="18" column="0" />
        <mark key="." line="18" column="0" />
      </file>
      <file name="$USER_HOME$/git/djangotut/src/products/forms.py" timestamp="1555451628509">
        <mark key="[" line="28" column="17" />
        <mark key="]" line="28" column="19" />
        <mark key="^" line="28" column="19" />
        <mark key="." line="28" column="19" />
      </file>
      <file name="$USER_HOME$/git/djangotut/src/products/templates/products/product_list.html" timestamp="1555810864848">
        <mark key="[" line="4" column="14" />
        <mark key="]" line="4" column="14" />
        <mark key="." line="4" column="14" />
      </file>
    </filemarks>
    <jumps>
      <jump line="15" column="43" filename="$USER_HOME$/git/djangotut/src/products/urls.py" />
      <jump line="0" column="0" filename="$USER_HOME$/git/djangotut/src/products/urls.py" />
      <jump line="6" column="47" filename="$USER_HOME$/git/djangotut/src/products/models.py" />
      <jump line="97" column="17" filename="$USER_HOME$/git/djangotut/src/products/views.py" />
      <jump line="6" column="26" filename="$USER_HOME$/git/djangotut/src/products/templates/products/product_create.html" />
      <jump line="13" column="3" filename="$USER_HOME$/git/djangotut/src/products/models.py" />
      <jump line="129" column="4" filename="$USER_HOME$/git/djangotut/src/products/views.py" />
      <jump line="44" column="4" filename="$USER_HOME$/git/djangotut/src/products/views.py" />
      <jump line="106" column="49" filename="$USER_HOME$/git/djangotut/src/products/views.py" />
      <jump line="69" column="42" filename="$USER_HOME$/git/djangotut/src/products/views.py" />
      <jump line="68" column="13" filename="$USER_HOME$/git/djangotut/src/products/views.py" />
      <jump line="101" column="23" filename="$USER_HOME$/git/djangotut/src/products/views.py" />
      <jump line="136" column="33" filename="$USER_HOME$/git/djangotut/src/products/views.py" />
      <jump line="142" column="0" filename="$USER_HOME$/git/djangotut/src/products/views.py" />
      <jump line="86" column="12" filename="$USER_HOME$/git/djangotut/src/products/views.py" />
      <jump line="93" column="81" filename="$USER_HOME$/git/djangotut/src/products/views.py" />
      <jump line="98" column="24" filename="$USER_HOME$/git/djangotut/src/products/views.py" />
      <jump line="105" column="8" filename="$USER_HOME$/git/djangotut/src/products/views.py" />
      <jump line="132" column="15" filename="$USER_HOME$/git/djangotut/src/products/views.py" />
      <jump line="115" column="20" filename="$USER_HOME$/git/djangotut/src/products/views.py" />
      <jump line="75" column="30" filename="$USER_HOME$/git/djangotut/src/products/views.py" />
      <jump line="73" column="95" filename="$USER_HOME$/git/djangotut/src/products/views.py" />
      <jump line="54" column="52" filename="$USER_HOME$/git/djangotut/src/products/views.py" />
      <jump line="62" column="15" filename="$USER_HOME$/git/djangotut/src/products/views.py" />
      <jump line="1" column="65" filename="$USER_HOME$/git/djangotut/src/products/def_me.py" />
      <jump line="3" column="4" filename="$USER_HOME$/git/djangotut/src/products/def_me.py" />
      <jump line="7" column="78" filename="$USER_HOME$/git/djangotut/src/products/templates/products/product_detail.html" />
      <jump line="0" column="0" filename="$USER_HOME$/git/djangotut/src/products/templates/products/product_detail.html" />
      <jump line="1" column="15" filename="$USER_HOME$/git/djangotut/src/products/templates/products/product_update.html" />
      <jump line="14" column="35" filename="$USER_HOME$/git/djangotut/src/products/templates/products/product_update.html" />
      <jump line="29" column="12" filename="$USER_HOME$/git/djangotut/src/products/templates/products/product_update.html" />
      <jump line="33" column="8" filename="$USER_HOME$/git/djangotut/src/products/templates/products/product_update.html" />
      <jump line="87" column="8" filename="$USER_HOME$/git/djangotut/src/products/views.py" />
      <jump line="112" column="0" filename="$USER_HOME$/git/djangotut/src/products/views.py" />
      <jump line="76" column="16" filename="$USER_HOME$/git/djangotut/src/products/views.py" />
      <jump line="78" column="16" filename="$USER_HOME$/git/djangotut/src/products/views.py" />
      <jump line="89" column="11" filename="$USER_HOME$/git/djangotut/src/products/views.py" />
      <jump line="99" column="26" filename="$USER_HOME$/git/djangotut/src/products/views.py" />
      <jump line="131" column="16" filename="$USER_HOME$/git/djangotut/src/products/views.py" />
      <jump line="133" column="16" filename="$USER_HOME$/git/djangotut/src/products/views.py" />
      <jump line="148" column="11" filename="$USER_HOME$/git/djangotut/src/products/views.py" />
      <jump line="156" column="11" filename="$USER_HOME$/git/djangotut/src/products/views.py" />
      <jump line="158" column="21" filename="$USER_HOME$/git/djangotut/src/products/views.py" />
      <jump line="165" column="59" filename="$USER_HOME$/git/djangotut/src/products/views.py" />
      <jump line="162" column="4" filename="$USER_HOME$/git/djangotut/src/products/views.py" />
      <jump line="96" column="4" filename="$USER_HOME$/git/djangotut/src/products/views.py" />
      <jump line="108" column="59" filename="$USER_HOME$/git/djangotut/src/products/views.py" />
      <jump line="102" column="40" filename="$USER_HOME$/git/djangotut/src/products/views.py" />
      <jump line="16" column="58" filename="$USER_HOME$/git/djangotut/src/products/views.py" />
      <jump line="53" column="86" filename="$USER_HOME$/git/djangotut/src/products/views.py" />
      <jump line="71" column="12" filename="$USER_HOME$/git/djangotut/src/products/views.py" />
      <jump line="103" column="20" filename="$USER_HOME$/git/djangotut/src/products/views.py" />
      <jump line="163" column="18" filename="$USER_HOME$/git/djangotut/src/products/views.py" />
      <jump line="201" column="4" filename="$USER_HOME$/git/djangotut/src/products/views.py" />
      <jump line="7" column="0" filename="$USER_HOME$/git/djangotut/src/products/views.py" />
      <jump line="113" column="0" filename="$USER_HOME$/git/djangotut/src/products/views.py" />
      <jump line="52" column="14" filename="$USER_HOME$/git/djangotut/src/products/views.py" />
      <jump line="0" column="0" filename="$USER_HOME$/git/djangotut/src/products/views.py" />
      <jump line="50" column="0" filename="$USER_HOME$/git/djangotut/src/products/views.py" />
      <jump line="119" column="21" filename="$USER_HOME$/git/djangotut/src/products/views.py" />
      <jump line="123" column="23" filename="$USER_HOME$/git/djangotut/src/products/views.py" />
      <jump line="130" column="11" filename="$USER_HOME$/git/djangotut/src/products/views.py" />
      <jump line="17" column="0" filename="$USER_HOME$/git/djangotut/src/products/urls.py" />
      <jump line="146" column="11" filename="$USER_HOME$/git/djangotut/src/products/views.py" />
      <jump line="46" column="32" filename="$USER_HOME$/git/djangotut/src/products/views.py" />
      <jump line="143" column="29" filename="$USER_HOME$/git/djangotut/src/products/views.py" />
      <jump line="177" column="12" filename="$USER_HOME$/git/djangotut/src/products/views.py" />
      <jump line="166" column="14" filename="$USER_HOME$/git/djangotut/src/products/views.py" />
      <jump line="120" column="28" filename="$USER_HOME$/git/djangotut/src/products/views.py" />
      <jump line="20" column="36" filename="$USER_HOME$/git/djangotut/src/products/templates/products/product_update.html" />
      <jump line="36" column="75" filename="$USER_HOME$/git/djangotut/src/products/templates/products/product_update.html" />
      <jump line="32" column="59" filename="$USER_HOME$/git/djangotut/src/products/templates/products/product_update.html" />
      <jump line="28" column="69" filename="$USER_HOME$/git/djangotut/src/products/templates/products/product_update.html" />
    </jumps>
    <registers>
      <register name="&quot;" type="4">
        <text>e</text>
      </register>
      <register name="-" type="4">
        <text>e</text>
      </register>
      <register name="/" type="4">
        <text>{{ obj.</text>
      </register>
      <register name="0" type="2">
        <text encoding="base64">ICAgICAgICBwcmludCh0eXBlKHVwZGF0ZV9kaWN0KSkK</text>
      </register>
      <register name="1" type="2">
        <text encoding="base64">ICAgIDxpbnB1dD4K</text>
      </register>
      <register name="2" type="2">
        <text encoding="base64">Cg==</text>
      </register>
      <register name="3" type="2">
        <text encoding="base64">ICAgICAgICB7eyBvYmouc3VtbWFyeSB9fQo=</text>
      </register>
      <register name="4" type="2">
        <text encoding="base64">ICAgICB9fQo=</text>
      </register>
      <register name="5" type="2">
        <text encoding="base64">ICAgICAgICAgICAgb2JqLnVwZGF0ZSgqKnVwZGF0ZV9kaWN0KQo=</text>
      </register>
      <register name="6" type="2">
        <text encoding="base64">ICAgICAgICAgICAgb2JqLnNhdmUoKQo=</text>
      </register>
      <register name="7" type="2">
        <text encoding="base64">Cg==</text>
      </register>
      <register name="8" type="2">
        <text encoding="base64">ICAgICAgICBwcmludCh0eXBlKG9iaikpCg==</text>
      </register>
      <register name="9" type="2">
        <text encoding="base64">ICAgICAgICBwcmludCh0eXBlKG9iaikpCg==</text>
      </register>
      <register name=":" type="4">
        <text>w</text>
      </register>
    </registers>
    <search>
      <last-search>{{ obj.</last-search>
      <last-offset />
      <last-pattern>{{ obj.</last-pattern>
      <last-replace>update_dict</last-replace>
      <last-substitute>obj</last-substitute>
      <last-dir>1</last-dir>
      <show-last>true</show-last>
    </search>
    <history>
      <history-search>
        <entry encoding="base64">XDx1cGRhdGVfZmxhZ1w+</entry>
        <entry encoding="base64">XDxteV9pZFw+</entry>
        <entry encoding="base64">XDwnXD4=</entry>
        <entry encoding="base64">XDxpZFw+</entry>
        <entry>jk</entry>
        <entry>is_price_er</entry>
        <entry>is_description_er</entry>
        <entry>is_title_er</entry>
        <entry>er</entry>
        <entry>descrption</entry>
        <entry>description_er</entry>
        <entry>er_des</entry>
        <entry>title_er</entry>
        <entry>ethod</entry>
        <entry>csrf</entry>
        <entry>description</entry>
        <entry>is_description</entry>
        <entry>context</entry>
        <entry>er_title</entry>
        <entry>=</entry>
        <entry encoding="base64">ICA9</entry>
        <entry encoding="base64">ID0=</entry>
        <entry>form</entry>
        <entry>update</entry>
        <entry>get</entry>
        <entry>obj</entry>
        <entry>{{ obj.</entry>
      </history-search>
      <history-cmd>
        <entry>32</entry>
        <entry>133</entry>
        <entry>113</entry>
        <entry>silent call KeywordsAll()</entry>
        <entry>%s/is_price_er/er_price/gc</entry>
        <entry>%s/is_description_er/description_er/gc</entry>
        <entry>%s/is_title_er/title_er/gc</entry>
        <entry>.,$s/description/price/gc</entry>
        <entry>.,$s/description/summary/gc</entry>
        <entry>silent nohlsearch</entry>
        <entry encoding="base64">JzwsJz53</entry>
        <entry>.,$s/=/./gc</entry>
        <entry>.,$s/=/,/gc</entry>
        <entry>.,$s/  =/,/gc</entry>
        <entry>.,$s/ =/,/gc</entry>
        <entry>.,$s/form/obj/gc</entry>
        <entry>W</entry>
        <entry>nohlsearch</entry>
        <entry>%s/obj/update_dict/gc</entry>
        <entry>w</entry>
      </history-cmd>
      <history-expr />
      <history-input />
    </history>
    <shortcut-conflicts>
      <shortcut-conflict owner="vim">
        <text>ctrl pressed V</text>
      </shortcut-conflict>
      <shortcut-conflict owner="vim">
        <text>ctrl pressed L</text>
      </shortcut-conflict>
      <shortcut-conflict owner="vim">
        <text>ctrl pressed J</text>
      </shortcut-conflict>
      <shortcut-conflict owner="vim">
        <text>ctrl pressed N</text>
      </shortcut-conflict>
    </shortcut-conflicts>
  </component>
</application>