<keymap version="1" name="Mac OS X copy" parent="Mac OS X">
  <action id="ChangeSplitOrientation">
    <keyboard-shortcut first-keystroke="alt t" />
  </action>
  <action id="CloseContent">
    <keyboard-shortcut first-keystroke="meta f4" />
    <keyboard-shortcut first-keystroke="shift meta s" />
  </action>
  <action id="EditorLineEnd">
    <keyboard-shortcut first-keystroke="end" />
  </action>
  <action id="EditorScrollDown" />
  <action id="KJumpAction">
    <keyboard-shortcut first-keystroke="alt j" />
  </action>
  <action id="KJumpAction.Char2">
    <keyboard-shortcut first-keystroke="alt c" />
  </action>
  <action id="KJumpAction.Line">
    <keyboard-shortcut first-keystroke="alt l" />
  </action>
  <action id="KJumpAction.Word0">
    <keyboard-shortcut first-keystroke="alt w" />
  </action>
  <action id="KJumpAction.Word1">
    <keyboard-shortcut first-keystroke="shift alt w" />
    <keyboard-shortcut first-keystroke="alt dead_acute" />
    <keyboard-shortcut first-keystroke="alt s" />
  </action>
  <action id="MethodOverloadSwitchDown" />
  <action id="MoveStatementDown">
    <keyboard-shortcut first-keystroke="shift meta down" />
    <keyboard-shortcut first-keystroke="shift meta j" />
  </action>
  <action id="MoveStatementUp">
    <keyboard-shortcut first-keystroke="shift meta up" />
    <keyboard-shortcut first-keystroke="shift meta k" />
  </action>
  <action id="MoveTabDown">
    <keyboard-shortcut first-keystroke="meta down" />
  </action>
  <action id="MoveTabRight">
    <keyboard-shortcut first-keystroke="meta right" />
  </action>
  <action id="SearchEverywhere.NavigateToNextGroup">
    <keyboard-shortcut first-keystroke="page_down" />
  </action>
  <action id="SplitHorizontally">
    <keyboard-shortcut first-keystroke="alt h" />
  </action>
  <action id="SplitVertically">
    <keyboard-shortcut first-keystroke="alt v" />
  </action>
  <action id="Unsplit">
    <keyboard-shortcut first-keystroke="shift alt v" />
  </action>
  <action id="Vcs.Push" />
  <action id="VimWindowSplitVertical">
    <keyboard-shortcut first-keystroke="alt b" />
  </action>
  <action id="tasks.close" />
</keymap>